,wine_id,old,alcohol,color,reviewers,residual_sugar,acidity,vol_acidity,type
0,731,29.0,9.7,rose,0.0,,4.724912009897709,3.3021339216366132,
1,378,30.0,12.3,rose,0.0,16.579885109248206,5.992071055718079,5.8744088538206185,
2,605,23.0,13.2,red,0.0,,5.488243692912616,4.085196912174541,
3,109,34.0,9.8,rose,0.0,,5.508135787114256,3.909017131050438,
4,542,33.0,10.2,red,0.0,7.565741408488177,4.615527026499383,4.204607613388505,
5,879,25.0,11.5,red,0.0,,6.140681094025817,4.093927545368185,
6,287,23.0,12.6,,0.0,,6.5101697813349215,6.04060975121882,
7,535,25.0,9.6,rose,1.0,,7.6374449181809,7.448277630428119,
8,973,34.0,10.8,white,0.0,,5.915693140067631,5.335522430886222,
9,48,24.0,11.2,red,0.0,,5.101916489074795,4.496735161966992,
10,156,27.0,11.0,white,0.0,9.939789827743951,4.841656314826993,4.285645058970058,
11,307,22.0,11.7,rose,0.0,,7.137381673407647,6.0460196059487465,
12,930,22.0,11.0,,0.0,,4.1926472734856155,3.357575625397016,
13,476,27.0,10.6,white,0.0,,7.337874730919234,5.9612116212072355,
14,397,21.0,10.9,white,0.0,,11.22213349409689,9.788123179565003,
15,532,27.0,10.9,rose,0.0,,7.137493905264732,6.436446954356058,
16,967,25.0,10.8,red,0.0,,6.210755077983146,5.347219452987463,
17,533,20.0,11.0,red,0.0,,5.935620337471229,5.004875146885319,
18,49,24.0,10.7,rose,0.0,,5.8083954063104875,4.9064932763732685,
19,632,22.0,11.4,rose,0.0,,5.270892881270704,4.264046586288202,
20,570,26.0,10.2,red,0.0,,6.840543367858446,5.907173716848022,
21,214,28.0,11.4,red,0.0,,5.155766779655439,4.809690717232335,
22,808,21.0,9.4,,0.0,,6.654488817009011,5.847649340443573,
23,163,32.0,13.3,rose,0.0,,4.978136808992059,4.367311239912271,
24,562,23.0,11.4,white,0.0,,8.613373187465266,7.741384733134492,
25,713,30.0,9.3,red,0.0,1.7097152111749436,5.3998886559024495,4.785322932736249,
26,839,22.0,10.3,,0.0,,5.479279206508105,4.707446944183616,
27,26,22.0,11.1,red,1.0,,6.028893639187878,4.679356471797192,
28,517,32.0,10.2,rose,0.0,,5.2553020232896275,3.7903014047218972,
29,11,23.0,10.7,white,0.0,,5.6105388913396865,5.382164770266096,
30,379,29.0,10.5,white,0.0,17.611704033508307,6.460044582620874,5.337418591906141,
31,254,28.0,11.1,red,0.0,,6.037242776316134,5.524041049413423,
32,173,33.0,11.6,red,0.0,5.250648732617304,5.157881605069305,4.506791622781268,
33,359,22.0,10.3,red,0.0,,6.446384774309765,5.547197965662643,
34,559,32.0,10.4,red,0.0,,5.2973962014871905,4.6102172014377825,
35,637,28.0,9.9,rose,0.0,,5.411480244330916,5.096799257101885,
36,950,23.0,11.3,white,0.0,2.169072472226224,5.0484925019947084,3.8819346238946237,
37,563,26.0,9.6,rose,0.0,,4.908928792833751,4.935879340506894,
38,955,32.0,10.5,rose,0.0,,5.521057029293318,4.907481484431249,
39,269,27.0,9.5,white,0.0,,4.888090489095714,4.102869861298905,
40,560,29.0,11.3,rose,0.0,,4.901421175980195,3.873649412911682,
41,794,29.0,10.5,red,0.0,,9.416140365266099,7.858795872344056,
42,73,23.0,10.5,white,0.0,3.9835731180652783,7.2707264312774225,6.477050075565043,
43,966,33.0,11.3,red,0.0,,7.146281956789261,7.259547275347169,
44,102,10.0,,,20.0,,7.5,,sweet
45,894,31.0,9.4,,0.0,,5.868735192806739,5.451091729281607,
46,968,31.0,12.2,red,0.0,,5.08944425668423,4.522244481354338,
47,767,28.0,10.1,rose,0.0,18.910996486413385,9.858818496422366,8.933965564210558,
48,484,34.0,10.1,rose,0.0,,5.612620866606167,4.768105430302699,
49,280,20.0,11.2,red,0.0,,5.252237663633538,5.533022031490526,
50,765,20.0,11.3,,0.0,,5.483973493451059,5.253667867321854,
51,262,23.0,10.5,red,0.0,,,,
52,6,24.0,10.2,red,0.0,,4.8437308372973344,3.562915810728688,
53,952,27.0,8.8,red,0.0,,5.972141894380783,4.576067721955004,
54,621,29.0,11.7,red,0.0,,5.02588109181613,4.423975693300449,
55,786,22.0,12.2,red,0.0,,8.959934393233823,7.647974772495809,
56,336,30.0,11.8,red,0.0,,5.558854124325783,5.1856378508065575,
57,546,31.0,11.0,rose,1.0,15.368657650963646,6.336407738136635,5.5580012413880135,
58,308,32.0,11.0,,0.0,,10.017544520076317,8.763867631138295,
59,131,32.0,10.7,red,0.0,14.7568401092608,5.701461677850737,4.597213786161239,
60,13,26.0,11.8,rose,0.0,,4.700796115376819,4.441675066824938,
61,895,29.0,10.4,white,0.0,2.6797342578353613,5.838801613480398,5.0484429689915755,
62,102,10.0,,,20.0,,7.5,,sweet
63,851,32.0,9.0,red,0.0,,6.783562543432418,5.134624297045513,
64,221,31.0,12.0,red,0.0,,9.993626447359905,8.859781357428282,
65,433,30.0,10.0,rose,0.0,,6.710594562178454,5.370427768321527,
66,460,25.0,11.0,red,0.0,,5.82374366025579,5.109655842453737,
67,849,31.0,11.2,rose,0.0,1.2320498049068487,6.0918628425176795,5.964392682681647,
68,186,34.0,10.8,white,0.0,,5.2749017233620545,3.987739204611886,
69,328,20.0,9.6,red,0.0,,7.309442860221687,6.828128293644302,
70,844,26.0,10.7,rose,0.0,,7.409776557857443,7.47028964718431,
71,686,32.0,10.0,white,0.0,14.7968888699873,,,
72,837,31.0,10.9,white,0.0,10.490665954458752,5.766986672699909,5.06235665939179,
73,557,26.0,11.6,rose,0.0,,7.998479390557871,7.8554968443738415,
74,618,26.0,10.4,red,0.0,19.042425824511025,6.036898265528631,5.382893865028915,
75,431,29.0,10.1,rose,0.0,,5.9655301505619365,5.4279472148844885,
76,555,25.0,11.9,red,0.0,,8.299227094772668,7.696037687190267,
77,669,26.0,12.6,rose,0.0,19.26476277278594,7.872277668146134,6.938157128967828,
78,176,23.0,11.0,rose,0.0,5.28784656068224,7.859237445018341,6.610155031253242,
79,738,34.0,9.4,red,0.0,2.2416174494477654,8.254200218747217,7.725217273737892,
80,866,27.0,11.2,red,0.0,,7.03672492328891,5.970066242139666,
81,442,32.0,10.8,red,0.0,10.845583695708719,6.476521790251149,6.228658746174843,
82,472,26.0,10.0,rose,0.0,,5.061948319896416,5.0874276592060275,
83,857,23.0,9.2,red,0.0,2.162734059073776,6.64033560521815,6.543115197699937,
84,297,28.0,11.9,red,1.0,,5.170087833083459,5.393190910233331,
85,194,33.0,10.5,red,0.0,,5.978083923380192,5.116631472761026,
86,222,34.0,12.3,red,0.0,6.67442592328219,5.035887074897279,4.779703016928965,
87,699,21.0,9.3,white,0.0,,6.61799185073483,6.916873974182802,
88,673,23.0,11.6,rose,0.0,,6.213471680069665,5.588903283113932,
89,805,23.0,11.0,red,0.0,,7.249987910010975,5.5887865936838335,
90,217,31.0,12.1,red,0.0,12.38021386741201,6.852809743846748,5.764614253324481,
91,707,28.0,11.2,rose,0.0,,5.918801563049691,5.85718675289963,
92,947,22.0,11.2,red,0.0,,6.849227396052923,5.818449308550816,
93,277,22.0,10.5,red,0.0,,4.701989784610111,3.9337065013510593,
94,70,20.0,10.8,rose,0.0,,5.335816046720664,4.533332603489369,
95,475,26.0,11.4,rose,0.0,,6.77201262343096,5.755304243015105,
96,385,20.0,11.8,rose,0.0,,9.011367487815367,8.623811934486254,
97,831,25.0,10.2,rose,0.0,,5.488773659336484,4.417483892035152,
98,311,27.0,10.9,red,0.0,10.043892514742364,5.087151438256443,4.512430308210196,
99,88,20.0,9.7,white,0.0,,5.058501150643085,3.887572898464718,
100,865,34.0,11.7,white,0.0,,4.3013262740016485,3.641834750305894,
101,353,32.0,11.4,red,0.0,,5.297465849775409,4.351870289489599,
102,32,29.0,12.2,red,0.0,,7.540997346325973,6.749607665299984,
103,862,33.0,11.2,red,0.0,,6.649941745655209,5.839877195633971,
104,444,21.0,9.6,rose,0.0,2.7901863833282414,5.3088840511336475,4.8268087915914775,
105,261,34.0,10.6,red,0.0,,7.336177587890681,6.40050261763636,
106,145,21.0,12.0,red,0.0,,6.700719399075663,6.10585334937689,
107,981,34.0,10.7,white,0.0,9.22378510374446,10.031503053031761,8.71308219555587,
108,941,34.0,10.6,white,0.0,3.382503288863129,7.860184334081348,6.3464400905881115,
109,113,30.0,10.1,,0.0,,6.354144873190975,5.6158479752965835,
110,725,30.0,9.8,rose,0.0,11.995447975736578,5.842038735348087,5.5648306963469505,
111,617,29.0,10.4,,0.0,11.877346318922319,5.7663541127124,4.978380427338471,
112,400,28.0,9.4,rose,0.0,,6.856040469774911,6.2606158026364405,
113,351,28.0,13.0,red,0.0,,8.417907573388963,7.1535388287508335,
114,685,29.0,10.9,rose,0.0,,3.914310767001223,3.2799228591784266,
115,132,23.0,11.2,rose,0.0,19.018737614999043,5.436161386179807,4.335023210755152,
116,788,27.0,9.1,rose,0.0,18.970450966562915,9.90244163534857,8.566249843694383,
117,662,23.0,9.4,rose,0.0,7.98877595735441,9.089787321902111,7.887076420355507,
118,701,29.0,10.7,rose,0.0,2.0625848198544405,8.068301686949674,7.21475808492849,
119,607,24.0,11.1,rose,0.0,,7.419387055401229,5.949503471217964,
120,401,28.0,11.5,white,0.0,,5.034846728785361,3.737033893340275,
121,355,29.0,9.7,rose,0.0,7.463284170440577,7.64646946835526,6.763537065202225,
122,969,23.0,11.6,rose,1.0,18.95033325286444,5.331199036176799,5.226968813714238,
123,233,22.0,9.1,white,0.0,,5.497395333280152,5.259807598753329,
124,624,34.0,11.0,white,0.0,,5.098880055488844,4.5448278373445055,
125,511,30.0,11.8,rose,0.0,,7.5844432118215845,7.284391207520219,
126,820,21.0,10.9,,0.0,,10.176515411484633,9.553949881479019,
127,720,29.0,11.0,white,0.0,,5.35687938143245,5.294033627368938,
128,54,26.0,10.3,rose,0.0,,4.5744684347259295,4.307023022833223,
129,223,28.0,10.9,,0.0,,6.399445408716911,5.8737572911942575,
130,782,20.0,10.8,white,0.0,,8.640988302476725,7.655694433794834,
131,430,24.0,11.8,white,0.0,,4.232194763048843,3.675612597153164,
132,67,30.0,9.4,rose,0.0,3.8668003587964193,6.2837864918860635,5.641312623183251,
133,869,24.0,10.9,rose,0.0,,6.602187049829922,5.38464653508707,
134,581,23.0,13.2,rose,0.0,15.175232211329831,6.0428825265443535,5.7026693345809,
135,588,34.0,10.7,red,0.0,4.420101625837894,7.382814866564284,6.549138991637826,
136,680,27.0,11.2,rose,0.0,19.33681578944656,6.364380040660918,5.09853585259036,
137,450,29.0,11.2,red,0.0,,6.441782308552623,5.2447940181087915,
138,997,22.0,9.5,rose,0.0,11.440012865923956,5.348327751370518,4.223185366939127,
139,642,20.0,12.4,red,0.0,,6.63607850399347,5.831069244881804,
140,763,31.0,11.7,rose,0.0,3.89627825470841,5.74615048001541,4.561755050888302,
141,237,28.0,10.5,red,0.0,,7.672000363199801,7.298703770814371,
142,935,21.0,10.8,red,0.0,10.22843507776647,4.984554039239159,4.279834256028577,
143,275,25.0,11.6,red,0.0,5.91788204930033,8.124343274143982,6.5260454333733495,
144,748,34.0,10.2,rose,0.0,7.530777633404423,4.321612323762038,4.33607939384059,
145,547,32.0,11.8,rose,0.0,,4.5663465390971325,3.825586752544624,
146,771,21.0,10.3,red,0.0,,8.259236342513006,6.828353550677418,
147,103,22.0,10.5,,0.0,19.758059392816666,6.80534195406611,5.74128235668644,
148,467,31.0,11.8,red,0.0,,5.1700065073567005,3.9780210210756204,
149,978,24.0,10.2,rose,1.0,,7.0031916473345,6.084113101447442,
150,339,32.0,9.9,red,0.0,,6.2243961211137995,4.922355863049203,
151,876,32.0,10.9,white,0.0,,6.031876188479856,5.006581358902602,
152,234,22.0,12.6,rose,0.0,,7.591210350148888,5.584859512036286,
153,524,24.0,10.6,red,0.0,10.176729147816802,7.289253017648867,6.111506611996191,
154,695,31.0,12.1,rose,0.0,,6.253644031698281,4.8594263964353,
155,201,30.0,9.7,red,0.0,,6.102530117987,5.51671612601403,
156,636,27.0,11.7,red,0.0,8.90853383921126,5.997908289058149,5.4377896112806985,
157,604,26.0,13.4,white,0.0,,6.021489522922114,5.550922268390408,
158,874,27.0,9.4,red,0.0,,5.8213860888155065,6.265465285888581,
159,343,25.0,11.0,white,0.0,,5.381178538137412,4.937437506544923,
160,495,31.0,10.6,red,0.0,13.689429216016402,4.450097049156684,3.249268787031326,
161,146,24.0,13.3,,0.0,,8.08513153121799,7.309516358923261,
162,139,26.0,11.3,red,0.0,11.300712654157103,4.631432366418094,5.4949719740823175,
163,525,34.0,9.6,rose,0.0,,5.94634584601151,5.6063129879039115,
164,101,,,red,,,,1.1,
165,459,29.0,11.9,red,0.0,,8.990674864282596,8.549051428579364,
166,653,22.0,10.2,red,0.0,14.5261344182267,7.762039358139308,6.756064559032766,
167,335,23.0,11.6,red,0.0,,6.515678708810164,6.022735716247167,
168,349,31.0,10.2,red,0.0,,6.1419196555872,5.467295187428985,
169,312,26.0,11.3,rose,0.0,,5.695193918025813,4.108805969480699,
170,443,27.0,9.8,rose,0.0,,4.204979766843071,3.121366560484163,
171,639,21.0,11.9,rose,0.0,7.24956230336809,5.152301870776021,4.641937135789409,
172,521,29.0,11.0,rose,0.0,,11.320599466892583,9.910870961231325,
173,116,26.0,11.0,white,0.0,,4.684488696146056,4.606425637445822,
174,903,29.0,12.4,rose,0.0,,5.646408949096763,4.728715506335858,
175,601,22.0,11.0,white,0.0,,4.990889195476138,4.006454001750896,
176,858,22.0,11.2,red,0.0,,5.6062737789154715,4.487638696497435,
177,231,28.0,9.6,rose,0.0,,5.709878519463627,5.215190305243704,
178,507,28.0,10.7,red,1.0,,5.67915650676048,4.89828420743913,
179,843,29.0,9.2,red,0.0,,9.131149994275079,8.994484687160037,
180,16,30.0,12.4,white,0.0,,6.604746986079422,5.816396493389299,
181,211,30.0,10.7,red,0.0,4.882781914213679,8.991902856227235,7.834152326776871,
182,668,28.0,9.7,rose,0.0,,5.079350932359246,4.960266385435512,
183,323,20.0,10.2,red,0.0,,6.7388588645273355,5.288304681503203,
184,682,29.0,11.8,white,0.0,,4.33505750740653,4.168176054252149,
185,1,21.0,9.3,red,0.0,18.79064329753851,5.410896071776509,5.473785979529718,
186,69,23.0,10.7,red,0.0,18.329581894030312,6.006012172606804,5.090630259641477,
187,111,31.0,11.2,red,0.0,,7.009808592873277,5.961737668116139,
188,166,24.0,10.1,rose,1.0,12.593778648893124,5.964626516698749,4.828544575935351,
189,210,23.0,11.4,rose,0.0,,6.4043061731968844,5.31456872942908,
190,819,34.0,11.9,rose,0.0,,6.331796546953019,5.454737673818019,
191,409,32.0,9.6,rose,0.0,13.744913398274408,6.646529642245131,6.011706648862962,
192,452,33.0,10.7,rose,0.0,,4.53858186838925,3.6590581404731957,
193,232,31.0,10.8,rose,0.0,,4.882379289915489,5.9530292092678785,
194,348,33.0,11.1,rose,0.0,,5.924276226595877,4.910669688290861,
195,225,27.0,11.6,rose,0.0,,5.930410707625654,4.784265771069732,
196,781,23.0,11.1,rose,1.0,,6.402620007605897,6.09999600119727,
197,574,25.0,12.2,white,0.0,,6.935059991303472,5.672459033468324,
198,480,24.0,11.7,red,0.0,,7.7582973294969655,6.738779826592246,
199,422,27.0,10.6,,0.0,,6.456632917876125,6.468896509161733,
200,753,27.0,11.6,white,0.0,,4.921263770849118,3.7607484655188186,
201,743,25.0,10.6,red,0.0,,10.856894164457778,9.664624380675335,
202,198,30.0,10.9,white,0.0,,5.023559703344915,3.4945493909962857,
203,242,28.0,11.5,rose,0.0,,7.0054019374970675,6.049137372386787,
204,449,21.0,9.9,,0.0,,5.542993178567727,4.40110200184182,
205,19,27.0,11.0,white,0.0,16.363217418014926,8.618883679386588,7.408580289559919,
206,710,27.0,10.0,red,0.0,17.45331163422981,7.1502036204049455,6.144099162441427,
207,86,24.0,10.9,red,0.0,,5.6724151016716124,4.142132816394533,
208,253,21.0,8.3,rose,0.0,,7.998448179365284,7.193900921990665,
209,538,25.0,11.7,white,0.0,19.963540150195012,7.132814230663601,7.219122027951368,
210,891,31.0,11.6,red,0.0,,7.403310907886083,6.793630864513106,
211,670,26.0,12.1,rose,0.0,,4.494618239045669,4.6644025054383595,
212,470,34.0,10.4,red,0.0,8.593712594112146,5.681695098042968,4.781001702831382,
213,571,22.0,9.9,rose,0.0,15.408143499485657,5.242489754783403,5.080835484872291,
214,106,26.0,10.4,red,0.0,,5.954409981527023,5.5175945340318995,
215,321,23.0,11.9,red,0.0,4.561907951597589,6.238658067219209,5.39689186334334,
216,192,25.0,10.9,white,0.0,1.9481172484582336,12.605061580140333,10.78283886640536,
217,830,25.0,10.8,white,0.0,,5.794213171641516,4.800122686177218,
218,490,24.0,10.2,rose,0.0,,14.2,12.66986304330796,
219,926,26.0,11.3,red,0.0,,5.58768463842364,4.456583319501514,
220,998,28.0,10.5,,0.0,,7.860154974926665,6.544005344953238,
221,503,20.0,8.7,rose,0.0,9.199671870580516,7.569451023543376,7.11545472762462,
222,416,25.0,11.3,white,0.0,,5.40183965539754,4.851487696878885,
223,698,26.0,10.6,red,0.0,,9.856404408834724,9.772491026136128,
224,240,26.0,9.4,red,0.0,,8.824098454239003,7.46565748905905,
225,510,29.0,11.9,red,0.0,,4.812392845860228,4.621567213303162,
226,666,24.0,11.7,red,0.0,,10.275193951863448,8.511298035462376,
227,594,24.0,11.9,white,0.0,,7.196480789417292,6.8239336096258345,
228,249,31.0,10.0,white,0.0,,7.057702338677884,6.5015668980066,
229,436,29.0,12.4,rose,0.0,,5.719760225892192,4.893833906750259,
230,410,34.0,11.7,red,1.0,,6.25516570305658,6.160948362673197,
231,661,28.0,10.4,rose,0.0,,10.291827878650222,9.444706206835367,
232,634,32.0,12.8,white,0.0,4.941463799366046,4.490319660859051,3.590291853236314,
233,519,28.0,12.0,red,0.0,,5.466974006645932,4.8509735032952666,
234,408,28.0,9.0,rose,0.0,1.182629532042787,5.439348430866683,3.5748650122945973,
235,197,21.0,12.5,rose,0.0,,7.531852945598551,7.713170343846384,
236,776,32.0,12.9,rose,0.0,4.317737177519563,10.205027634566424,8.916316312358338,
237,630,32.0,11.6,red,0.0,,5.979226795134872,5.402799072673756,
238,711,33.0,11.3,red,0.0,,3.87511989127322,4.365595047148458,
239,381,23.0,9.6,red,0.0,,8.888204190816733,7.524148438410976,
240,907,21.0,9.4,rose,0.0,1.1934268160574626,8.435082854326605,7.304706246487282,
241,17,26.0,9.6,red,0.0,,7.236957432685857,6.655340641508677,
242,20,32.0,10.1,red,0.0,10.123095925744634,7.887119223802469,7.313982148850021,
243,971,33.0,10.5,red,0.0,9.003929118175662,8.102321014397013,7.04748270079205,
244,71,26.0,12.2,white,0.0,,4.522932918175385,4.4906832623629365,
245,904,24.0,11.0,rose,0.0,,8.015946289500867,7.336971417226407,
246,536,25.0,10.2,rose,0.0,,5.156449582167219,4.113037917751414,
247,943,28.0,11.2,rose,0.0,,4.35825003432539,3.382610565502759,
248,294,21.0,11.6,rose,0.0,7.153891709791991,6.675098835430079,6.251773278140188,
249,550,26.0,12.1,,0.0,,4.417910165087509,3.6274215621591477,
250,31,28.0,11.4,red,0.0,5.660691124440042,4.815003483090496,4.160713206323879,
251,596,32.0,10.9,white,0.0,,5.055535548854696,4.543703437388963,
252,399,27.0,11.1,rose,0.0,19.676224658922337,5.761660512698838,4.649730281054573,
253,248,22.0,10.2,white,0.0,3.976343265631401,5.195946782160827,3.9947388421900767,
254,572,27.0,12.6,red,0.0,,6.530202819225853,5.431602192688999,
255,30,23.0,9.2,red,0.0,5.700289737424977,6.264152154901102,5.854350959000126,
256,708,30.0,12.5,rose,0.0,,7.750160569247511,7.150274652006382,
257,463,30.0,10.2,red,0.0,,7.438763222169015,5.980134955862569,
258,144,32.0,9.8,white,0.0,,12.178700312141597,10.850779196363952,
259,216,22.0,11.5,red,1.0,10.21320265619532,13.184620210435092,12.280389960513748,
260,760,21.0,10.5,rose,0.0,,6.494095229082292,5.973558526890065,
261,677,32.0,10.5,rose,0.0,16.264152360631215,6.448897215362698,6.1403558114666374,
262,283,21.0,10.4,,0.0,,6.084342488791994,6.268962389762804,
263,473,31.0,10.2,rose,0.0,,5.229076986260871,4.6620053115917415,
264,875,29.0,10.7,white,0.0,,7.46963899462399,6.507497153277473,
265,226,26.0,11.6,rose,1.0,,5.594500758300036,4.717630993161634,
266,105,15.0,,,22.0,,,0.9,semi-dry
267,324,28.0,9.8,rose,1.0,3.639893527392844,6.658703811541953,5.675607707407913,
268,421,25.0,9.6,rose,0.0,,4.867830534609661,4.546692140634521,
269,418,27.0,12.1,rose,0.0,,4.940003415797531,4.679805436217395,
270,705,27.0,10.8,rose,1.0,9.961961368589735,5.197059630285568,6.364078144264182,
271,880,24.0,11.3,red,0.0,,7.871581035911924,7.001879471884724,
272,300,32.0,12.0,white,0.0,8.11741507118413,5.6419314977795905,3.95916453263962,
273,996,21.0,9.9,white,0.0,,7.483381221299817,6.391555473468319,
274,78,24.0,11.1,,0.0,,5.534046430467054,4.7710412258382275,
275,169,30.0,11.6,red,0.0,,6.662866104660994,6.353448419575173,
276,667,25.0,11.1,rose,0.0,12.963383145300531,6.326572337011939,5.509731347225932,
277,56,33.0,9.7,red,0.0,5.093444544552112,5.69904932009314,4.606815595906858,
278,187,28.0,11.7,rose,0.0,14.89766406204667,4.9836902732971495,4.9082475312306615,
279,90,23.0,10.7,rose,0.0,,4.92412918016872,3.936844044330563,
280,477,34.0,12.7,,0.0,,4.805515922530546,3.813826033690622,
281,629,34.0,11.6,white,0.0,5.705915407568475,4.897956801218468,4.178838367461813,
282,42,25.0,10.0,red,0.0,,6.544434880463382,5.482759315425956,
283,492,33.0,12.6,rose,0.0,2.5808910858429264,7.518149078884406,6.7648034352866935,
284,204,31.0,10.1,rose,0.0,,7.3794467405377695,5.703953735103987,
285,929,23.0,13.0,rose,0.0,,6.761394309119758,5.64372171382794,
286,577,33.0,11.8,rose,0.0,16.123397074648935,6.395318046154758,5.583854698821035,
287,333,31.0,11.3,red,0.0,,6.720350523394744,5.4084185496125095,
288,33,29.0,9.8,red,0.0,,6.938367466928969,6.038852999528121,
289,554,20.0,9.7,red,0.0,,6.3756911698867835,5.28243730418002,
290,769,28.0,12.6,red,0.0,,4.400103006770756,4.229633241437194,
291,138,21.0,10.8,white,0.0,5.915254723217514,4.891202495777414,5.127907724847892,
292,526,24.0,10.7,red,1.0,8.195723230426408,5.170533535067168,4.03340650338124,
293,434,29.0,11.3,white,0.0,18.873387820000964,8.996780942038418,8.822423261322,
294,455,24.0,10.4,red,0.0,,5.73532911328027,3.884146937454596,
295,888,29.0,10.3,red,0.0,,6.262764515644034,5.169114436248764,
296,494,22.0,10.6,red,0.0,,5.4461251620821285,3.7441684859087174,
297,107,22.0,10.4,red,0.0,19.830709838045973,5.103259016384554,4.296976957153995,
298,564,21.0,11.1,rose,1.0,,5.41874936196786,4.27392800208894,
299,566,31.0,9.7,red,0.0,,4.623449104418072,5.143550358753091,
300,778,28.0,11.2,rose,0.0,,4.726034662328226,3.6215371340422458,
301,780,29.0,11.5,white,0.0,4.723326202402315,5.7083711974620766,5.203378154381923,
302,551,22.0,11.2,white,0.0,7.93502435520668,8.240420291290896,7.281792457840019,
303,142,21.0,11.4,red,0.0,18.84855642597878,6.493137516596855,5.629075195738247,
304,799,23.0,10.3,white,0.0,,5.488629190960913,5.028874176867611,
305,717,31.0,11.4,white,0.0,4.490293274763449,5.3599137417587395,4.131450644883621,
306,802,32.0,9.5,red,0.0,18.37738500962543,6.892633568346929,6.095151604915737,
307,390,20.0,10.4,rose,0.0,,7.090746048002085,5.542903872382728,
308,331,34.0,9.8,white,0.0,,8.464590685719,7.313238239082374,
309,428,29.0,12.0,rose,0.0,,4.8527439888425095,3.6906947697358783,
310,917,32.0,11.5,red,0.0,,5.121568839978,4.159271216641544,
311,162,32.0,11.9,red,0.0,6.647252278648713,6.312520979390753,5.84453264530473,
312,878,34.0,11.8,red,2.0,,4.983240690698121,4.134629800341201,
313,246,28.0,10.3,rose,0.0,,5.609019340665184,5.103290155084427,
314,756,21.0,11.7,rose,0.0,,5.56967962567484,4.855134712542847,
315,672,30.0,12.2,red,0.0,,6.5220486195128915,5.487778482909975,
316,200,27.0,11.6,,0.0,18.272830687815485,7.215566004840033,6.270185908146203,
317,993,26.0,13.2,white,0.0,,4.966797210217697,5.089100265015937,
318,936,31.0,11.3,white,0.0,2.315546508582013,6.205280605719012,5.435492358891086,
319,299,28.0,10.7,red,0.0,,6.996014849831127,5.268254081547201,
320,247,33.0,11.4,red,0.0,,6.491781308328573,5.498734652437878,
321,697,20.0,10.5,rose,0.0,,8.10637350643678,7.92921171098375,
322,980,29.0,12.1,red,0.0,10.902339077258944,5.956937370663457,5.547723488574195,
323,922,22.0,12.0,rose,1.0,13.502522200659602,7.1483315130277045,6.716903611626301,
324,716,25.0,11.5,rose,0.0,,12.447533714175574,11.840141418468265,
325,77,32.0,10.5,white,0.0,,5.269299069490386,4.397049828674478,
326,340,32.0,10.4,rose,0.0,,6.219759748584757,5.37508741468882,
327,591,32.0,12.0,red,0.0,19.646381348404063,7.745425750179097,6.482329759836501,
328,244,20.0,10.8,red,0.0,,4.22507720042958,3.418732638209926,
329,545,28.0,10.1,red,0.0,6.693347096801949,7.920963430081689,7.616551931171022,
330,832,31.0,12.1,rose,0.0,,5.310216129995547,4.265767303370997,
331,775,34.0,12.5,rose,0.0,17.50670883028667,5.559955725587448,4.903286825231758,
332,518,28.0,10.5,red,0.0,1.2031412243266155,4.252305936427115,3.2452315034849337,
333,835,21.0,9.9,rose,0.0,,7.938310106831276,6.129865222362698,
334,228,34.0,11.3,rose,0.0,3.968089522990799,4.296515681448831,4.337825526036062,
335,813,28.0,10.5,red,0.0,,9.783765870839815,8.782136506266383,
336,329,22.0,11.5,rose,1.0,,6.402083599351082,4.726153631231573,
337,691,28.0,13.1,rose,0.0,,8.767123507904591,7.664825721360345,
338,850,30.0,9.6,white,0.0,,5.286321735757212,5.1421630878023725,
339,608,29.0,10.9,white,0.0,,6.86028377367327,6.319777964719659,
340,965,23.0,11.9,red,0.0,18.8928961007886,6.177720372902785,5.398167387343813,
341,21,24.0,12.7,red,0.0,,10.57338508466184,8.308461806971202,
342,389,32.0,10.8,white,0.0,6.9468684012665705,5.252920232492036,5.161337577345153,
343,798,26.0,11.1,red,0.0,10.918233376411054,5.3650503925669035,4.0058115620998835,
344,597,30.0,10.8,rose,0.0,,6.639365465693071,5.454288819773064,
345,752,20.0,10.4,rose,0.0,15.235240361476382,5.900190760765406,5.5411711663133385,
346,921,22.0,10.9,red,0.0,,5.454810965620915,4.812646880252071,
347,948,28.0,12.3,red,0.0,,9.401406096892785,8.63630754350165,
348,8,32.0,8.6,white,0.0,,5.074319213004671,4.844768720313957,
349,602,27.0,10.6,rose,0.0,,5.930204856337902,4.964579981869996,
350,270,26.0,11.4,red,0.0,,6.624570915569981,6.548648546131337,
351,334,28.0,11.2,rose,0.0,6.027344931282742,6.25118938245854,4.376396564258169,
352,135,23.0,10.4,red,0.0,,6.1559274892524805,5.183918313836745,
353,569,28.0,10.7,,0.0,,9.881477671570952,8.450359734343527,
354,79,31.0,11.1,rose,0.0,,6.5305307236722605,5.728034157260157,
355,394,29.0,11.3,white,0.0,15.106786838495992,7.566853303146337,6.816565143906401,
356,897,27.0,10.1,rose,0.0,,6.592819849307281,6.107910779548073,
357,154,28.0,10.8,white,0.0,,5.754038566666785,5.758599159022891,
358,61,22.0,11.1,rose,0.0,,7.4927305883857995,6.093545082101636,
359,84,23.0,10.0,rose,0.0,10.669133748038279,6.9732876316003605,6.176508941814284,
360,924,24.0,11.7,rose,0.0,,5.421381273713589,4.499733320772868,
361,119,34.0,11.0,red,0.0,,4.90226349913159,5.127727060385026,
362,600,25.0,10.0,rose,0.0,1.9649888431028064,5.895175404150603,5.230763409576605,
363,161,25.0,12.2,rose,0.0,,5.8388984095477205,5.562579861898989,
364,122,32.0,11.5,rose,0.0,8.316147095376543,4.730483092168817,3.631646294586887,
365,224,33.0,11.2,rose,0.0,,7.944023292326063,7.481808562236248,
366,864,34.0,11.5,white,0.0,,5.964838085452538,4.492526512089773,
367,117,27.0,10.0,rose,0.0,11.035705015902746,6.152871213564401,5.865964017638187,
368,10,32.0,12.0,red,0.0,7.811584593969136,6.965187756300299,6.3563279509958095,
369,159,30.0,11.2,rose,0.0,,4.136973396264583,3.874452741707148,
370,465,26.0,11.1,white,0.0,,5.486509494924202,4.841756503024402,
371,979,28.0,10.6,rose,0.0,,7.675406508345604,7.221271580559052,
372,768,30.0,10.9,rose,1.0,13.61988648167446,6.625906887104242,6.0107769987781055,
373,854,22.0,11.3,white,0.0,15.646291740345829,5.304032269485254,4.622664154177348,
374,995,20.0,14.0,red,0.0,,7.031487047936304,5.284303787370481,
375,892,32.0,11.3,red,0.0,,6.995785771581375,6.300881528317567,
376,856,33.0,12.1,red,0.0,17.702310222588757,8.559427080229357,7.289437055658385,
377,638,27.0,10.6,red,0.0,,6.659652768572206,5.587523808984689,
378,627,23.0,11.8,red,0.0,2.1332280122092344,8.854185773582628,7.66803098469137,
379,91,29.0,9.0,rose,0.0,3.139881080175954,6.188395142847187,6.048662595817222,
380,877,31.0,13.0,red,0.0,12.673956885130597,6.211105875467997,6.0055698703609,
381,93,31.0,12.3,rose,0.0,8.47838388701399,5.4086779677988375,4.515369379376638,
382,125,24.0,10.6,rose,0.0,,7.276549056027039,8.039865062673046,
383,171,28.0,11.1,,0.0,,4.695284363950447,3.474364426177589,
384,645,26.0,10.4,rose,0.0,,6.5302487810768906,5.076225109220757,
385,631,32.0,11.1,white,0.0,7.677655231776005,6.761778452403977,5.553100668005641,
386,663,21.0,9.3,rose,0.0,,5.046021443428389,5.5156516430825295,
387,751,25.0,11.0,white,0.0,2.002016399799261,4.910394113218255,4.949688309479164,
388,509,21.0,10.3,red,0.0,13.394404354901742,8.414717517516063,7.849001069186411,
389,64,26.0,9.2,red,0.0,,5.497264118662155,3.182689974208574,
390,471,29.0,11.1,rose,0.0,,5.105655284222166,4.406143256495341,
391,427,20.0,10.9,red,0.0,5.841926642333072,5.8465574074802245,4.729434817326598,
392,318,28.0,10.2,,0.0,19.462306628667747,6.466084639593413,6.49791794788566,
393,652,34.0,10.4,white,0.0,9.428265127910793,5.217561471033239,3.944894775245316,
394,97,21.0,11.0,rose,0.0,4.329790951405637,7.984966110846355,7.69237021291387,
395,66,25.0,13.2,red,0.0,,8.164205848124972,6.0504699688678585,
396,755,28.0,9.6,white,0.0,,4.895996040314064,3.218847131958203,
397,208,30.0,10.3,rose,0.0,6.234834778314172,6.508400344631675,6.081620326038095,
398,160,34.0,11.1,red,0.0,,6.833871886176036,5.844766470464002,
399,164,33.0,9.4,white,0.0,,8.288559857102651,7.120367801907732,
400,718,21.0,10.0,,0.0,6.863250183329957,6.415659368342302,4.826768656910387,
401,898,23.0,11.9,red,0.0,9.812814501139455,7.658381689585722,7.39720163541035,
402,826,29.0,10.2,,0.0,,5.488514630504736,4.176379663794959,
403,561,21.0,10.8,red,0.0,18.36651972863651,7.908501636994515,6.921152020208153,
404,944,22.0,12.3,rose,0.0,,6.373029592832699,5.033579462773798,
405,3,31.0,11.3,red,0.0,,6.1277713212438,5.358351531606377,
406,395,24.0,13.6,rose,0.0,5.349679761715252,4.114511553636841,4.210760505774908,
407,358,28.0,10.5,rose,0.0,,4.331235154000551,3.784626704552246,
408,445,20.0,9.0,rose,1.0,13.26058724348764,8.621980912194502,7.616534783706087,
409,867,31.0,11.3,red,0.0,19.497035334522643,7.759702515567522,8.370069374750537,
410,462,33.0,10.3,white,0.0,,6.244059763268236,6.077087829005159,
411,740,25.0,11.4,rose,0.0,,10.229743865782446,8.474493899430188,
412,412,31.0,12.1,rose,0.0,3.3381151686713184,6.435856826699071,5.051641927658999,
413,741,26.0,11.0,red,0.0,,4.962206908718638,3.9759762102624445,
414,523,25.0,11.7,rose,0.0,,6.65262255842227,5.778841743910179,
415,219,31.0,11.2,red,0.0,13.855904030047935,9.039423918280207,7.952274470872163,
416,871,32.0,11.4,red,0.0,,5.43589006180436,5.9651449053163725,
417,863,30.0,12.2,white,0.0,19.07748316846423,5.6997038394263555,5.0177666886242305,
418,74,23.0,12.4,red,0.0,6.532148444742419,7.575960562194853,7.059851288023845,
419,723,27.0,11.2,rose,0.0,,9.310491961152149,8.29350099531431,
420,185,32.0,10.6,red,0.0,,4.438403895578785,3.363007229478088,
421,182,24.0,9.0,red,0.0,,6.297157592351424,5.944429875659893,
422,942,27.0,10.6,rose,0.0,,7.904485551313802,7.397108648193235,
423,882,20.0,10.8,rose,0.0,,10.153645035497465,9.705842705387463,
424,215,23.0,10.1,white,0.0,,4.500749787410012,3.68949682999099,
425,458,30.0,12.0,rose,0.0,,4.6792928092368715,5.1580199812482235,
426,55,22.0,11.7,red,0.0,,4.679430316758971,4.8800629391884325,
427,852,27.0,10.2,red,0.0,,6.609419466193601,6.27952623189733,
428,124,26.0,10.9,red,0.0,,7.854479869068101,6.687066133172788,
429,493,29.0,11.6,red,0.0,,7.087666788943661,6.140668507097222,
430,959,30.0,10.0,red,0.0,17.614876438548755,6.252437856100453,5.2701321762339886,
431,432,33.0,10.7,rose,0.0,4.0204516683545855,4.9418291614668,4.726840520947805,
432,99,20.0,11.1,red,0.0,,5.4147617144099325,5.101088163467737,
433,309,23.0,11.6,red,0.0,12.763238310791257,7.1292243027016555,5.474977598655544,
434,548,30.0,11.8,rose,0.0,,5.853578099777383,5.2636984437806795,
435,356,29.0,11.2,rose,0.0,5.684068180746243,6.177399160971632,4.693716840232713,
436,258,22.0,11.3,red,0.0,,7.621463671645021,6.740246010232218,
437,52,21.0,10.9,rose,0.0,,5.049316089620898,5.015742160015025,
438,750,21.0,10.3,white,0.0,9.894729511320852,7.883595332084703,6.984081048971102,
439,620,32.0,10.8,rose,0.0,,9.2379945655956,8.550201198258744,
440,9,26.0,9.2,white,0.0,,6.0263925497910895,4.862398600275853,
441,506,28.0,10.4,red,0.0,,5.173645174972895,4.347119768008544,
442,285,34.0,12.0,red,0.0,,9.102020054561844,9.518449191889264,
443,207,26.0,11.4,red,0.0,,4.682150875450846,4.5891649679124855,
444,598,20.0,9.5,white,0.0,4.7512643561632055,7.0599990858152,6.904322722645269,
445,370,25.0,10.1,red,0.0,,6.814888598754912,5.17462114394586,
446,193,26.0,10.7,white,0.0,,5.726614038157248,5.393984743294719,
447,104,,12.3,rose,,2.0,,1.4,dry
448,342,20.0,11.7,,0.0,,4.724054938581949,4.4054468113752705,
449,106,,,red,,3.5,8.3,,
450,266,28.0,8.9,red,0.0,7.816682996156005,6.110109226969518,5.40207910557587,
451,315,31.0,9.7,white,0.0,,4.233860513043473,2.696229502988112,
452,796,25.0,11.0,white,0.0,15.239778412453475,5.58698685108744,5.70537047961088,
453,908,24.0,12.2,red,0.0,,4.507626709049607,4.417473472715496,
454,481,34.0,9.9,red,0.0,,7.390625673667635,6.808077704999538,
455,709,26.0,10.3,rose,0.0,13.133246104278953,6.67540356446886,5.364727949897372,
456,281,22.0,10.4,red,0.0,,4.872778317677094,4.422231629798708,
457,284,23.0,11.5,,1.0,,7.067216926278171,6.035195121044794,
458,539,30.0,10.3,red,0.0,11.498232914972558,5.35926376678364,5.025949253683138,
459,289,20.0,10.9,rose,1.0,,9.94485705208802,8.578906313486225,
460,457,34.0,12.7,,0.0,,6.413913927147487,5.608848192660573,
461,853,27.0,11.7,red,0.0,1.3728738766345725,6.122724705067071,4.993822253908027,
462,288,22.0,10.0,rose,0.0,16.524771883460254,6.413120449280719,6.133925885889226,
463,104,,12.3,rose,,2.0,,1.4,dry
464,803,26.0,9.9,white,0.0,,5.48516386702798,5.115818820274824,
465,81,23.0,10.5,rose,0.0,,9.00728458155869,8.97491701374483,
466,382,34.0,10.2,rose,0.0,,6.312278455402867,5.464894550061915,
467,727,26.0,10.5,,0.0,,7.6580318055114835,6.474475653192321,
468,371,21.0,9.8,red,0.0,2.5824495131120777,4.933842708102218,4.176692985486088,
469,982,30.0,10.2,red,0.0,9.963333133880116,6.2914574212748215,5.875528737128784,
470,345,31.0,,rose,0.0,3.4323409972947765,6.261011428182956,5.840862101235129,
471,2,32.0,10.2,rose,0.0,19.89273765014594,6.326517471945214,6.291619139261674,
472,963,22.0,11.8,red,0.0,12.025279791600882,5.489457567400043,4.510712952138602,
473,754,34.0,10.6,white,0.0,,7.059348190820497,6.341837643314134,
474,292,27.0,11.2,rose,0.0,9.131576430521994,4.119560494671907,4.132601528006189,
475,515,31.0,12.0,white,0.0,,6.70103764863417,5.877508247937212,
476,504,26.0,11.4,red,0.0,18.010880063040084,8.32877819369296,7.095368598074243,
477,635,23.0,9.8,red,0.0,,6.284708706098364,6.054727509879165,
478,357,22.0,12.0,red,0.0,,5.518346272257901,4.693763227365994,
479,505,21.0,11.5,rose,0.0,,10.793218408313763,9.233621103602186,
480,641,26.0,9.3,rose,0.0,,7.981608111247468,6.794564270506537,
481,95,20.0,10.4,white,0.0,,6.706498921179579,6.534592503558285,
482,326,22.0,11.4,red,0.0,17.473726298422662,6.0630490748279,5.113278536639796,
483,96,31.0,11.4,white,1.0,,7.894411557592081,7.65110235311174,
484,543,20.0,10.7,white,0.0,,5.130816929226248,4.474679225559237,
485,804,34.0,11.3,white,0.0,,5.120849079027419,4.216534572039985,
486,873,34.0,9.6,rose,0.0,,5.6761286481217645,5.249626986256008,
487,531,27.0,12.3,white,0.0,,5.106688540306369,4.745095754292835,
488,737,22.0,10.8,white,0.0,17.168952356806766,8.815541220392323,8.8150539005358,
489,689,32.0,11.2,red,0.0,2.24164042378835,5.64958979211526,5.217958501185595,
490,252,31.0,10.9,rose,0.0,,5.114214014093427,4.394153560583724,
491,586,24.0,10.8,red,0.0,,5.913488698165405,5.324784996738042,
492,522,23.0,10.0,rose,0.0,,5.54967633907744,5.331089654069912,
493,256,29.0,11.2,white,0.0,,7.7419047950957065,6.678074526692656,
494,706,21.0,12.0,white,0.0,,5.406005496175263,5.4665993713288925,
495,940,34.0,11.0,rose,0.0,,8.577126928252184,7.422646258059974,
496,364,27.0,10.5,rose,0.0,,5.076069813028507,4.595575648983707,
497,188,30.0,11.3,red,0.0,,10.456324856304956,9.07686170476582,
498,700,24.0,11.6,rose,0.0,1.866406180449034,4.65912606688328,4.071120664110914,
499,633,29.0,10.8,,0.0,5.8797871617191735,4.050628687375966,4.056260352969994,
500,413,22.0,9.3,rose,0.0,,5.6703796359421395,5.771629797544789,
501,98,27.0,11.0,rose,0.0,,4.32518335342898,4.190191040282829,
502,209,21.0,11.0,,0.0,,7.1053379634238105,6.900195179715111,
503,238,33.0,10.5,white,0.0,,7.716592242391897,6.916187106726086,
504,946,34.0,11.0,red,0.0,13.140990957427864,5.065001155694851,4.706983931458417,
505,38,27.0,9.0,red,0.0,2.0999874630444233,13.605398366685506,10.769925998359767,
506,68,27.0,11.5,red,0.0,,9.989271529931774,8.485072578855162,
507,43,32.0,12.0,white,0.0,3.3880549338304413,6.850849313536415,6.2181586793077495,
508,82,23.0,11.2,rose,0.0,,6.931921251410264,6.335174556066019,
509,916,34.0,11.8,red,0.0,,5.619088242726247,5.163080667631773,
510,575,25.0,9.6,white,0.0,19.670093124792917,8.012519796042504,7.031548687702328,
511,739,31.0,11.6,rose,0.0,19.736076743131196,5.923995183375287,4.507136619670541,
512,567,20.0,10.5,,0.0,,7.218071661319311,5.49669952093194,
513,374,22.0,11.3,rose,0.0,,7.794151595467687,7.120710713621735,
514,945,28.0,10.0,red,0.0,11.606865429422594,13.530091474058683,12.441797853073728,
515,190,26.0,10.4,white,0.0,7.5444101360633695,6.823443603584263,6.0642233292024335,
516,643,28.0,11.3,rose,0.0,,6.707170547364002,6.514325989606376,
517,206,28.0,12.1,red,0.0,,5.098056372619246,4.331882228264966,
518,196,28.0,11.3,white,0.0,,7.3117910867501035,6.680856442001698,
519,50,26.0,10.4,white,0.0,,4.834421433541279,3.9048054325365547,
520,726,28.0,12.3,rose,0.0,9.313822414265461,5.480905672161406,4.3358796268612005,
521,134,29.0,10.9,rose,0.0,,6.13062089076385,5.9078304261496255,
522,603,24.0,11.2,rose,0.0,,6.028773343685126,5.252380182395702,
523,177,21.0,13.4,rose,0.0,,5.993716370268057,5.511256837479708,
524,478,23.0,12.7,,0.0,5.82569791551931,5.396771583596346,5.053182995346209,
525,451,29.0,10.2,red,0.0,,5.104725173398819,4.817718237636575,
526,87,29.0,12.2,red,0.0,,11.519417873146821,9.730000571138197,
527,103,12.0,11.5,white,,1.5,6.0,,
528,429,21.0,10.2,white,0.0,,6.137894040029982,6.022144496164738,
529,828,26.0,11.2,,0.0,19.984103504858226,8.184955670262383,8.089706762261763,
530,148,28.0,11.1,white,0.0,,7.845378958171534,6.357777487349462,
531,319,25.0,10.5,white,0.0,,4.847197398818972,4.476250554610069,
532,402,27.0,11.1,rose,0.0,,6.249849175391762,5.441487706109889,
533,265,29.0,10.5,rose,0.0,16.765947799111352,4.738699388596496,4.877698718406611,
534,590,30.0,11.2,rose,0.0,,6.298405605446662,6.548059322257914,
535,420,34.0,10.2,white,0.0,11.144045803401896,6.3345805284672485,6.272938995653666,
536,964,31.0,12.7,rose,0.0,,5.4843307926829565,4.906732229479601,
537,151,23.0,10.1,rose,0.0,,7.949552263998976,7.118335445571802,
538,901,25.0,12.3,white,0.0,,5.558009735652982,5.520770560372475,
539,499,20.0,12.1,rose,0.0,10.683541299800844,6.846825033428772,5.774608226369967,
540,733,26.0,9.2,rose,0.0,1.0732229203916308,4.66689321557564,4.324735017251336,
541,489,33.0,8.3,red,0.0,13.205024391161999,4.309726820797968,3.3989312972543444,
542,440,31.0,10.7,red,0.0,,5.579146561240679,4.594493565394896,
543,773,24.0,12.7,red,0.0,17.608913817901673,7.324524989597997,6.823143130153009,
544,218,24.0,10.6,rose,0.0,18.360460959587105,6.898352105044051,5.504187452647243,
545,847,20.0,11.9,red,0.0,,5.919023526080882,4.760548779346174,
546,984,27.0,11.5,rose,0.0,6.0275759279411645,5.493850750682685,4.393054521416765,
547,938,22.0,10.4,white,0.0,,5.885896519168087,5.56500453431643,
548,14,20.0,12.9,red,0.0,10.079387834922152,5.726659497281161,4.536480389808282,
549,919,21.0,11.7,white,0.0,,9.020923761592233,8.170646659624001,
550,268,29.0,11.5,red,0.0,14.810069232521533,6.78752436687029,4.904911690873253,
551,377,22.0,11.2,rose,0.0,,6.567627974142086,5.40024173635166,
552,745,20.0,11.1,white,0.0,,8.480172438757597,7.7934500362060275,
553,83,31.0,10.5,white,0.0,,5.223880374820187,5.049896766066637,
554,972,22.0,11.2,white,0.0,,6.577715682812317,6.05190308878255,
555,415,29.0,11.8,white,0.0,,5.091852919469991,4.164372131270293,
556,665,34.0,12.7,white,0.0,,10.652497821865502,9.23808538962184,
557,650,24.0,12.9,rose,0.0,,5.20089137985792,4.509948101184197,
558,870,28.0,10.6,rose,0.0,8.093484810122371,9.278700219971213,8.713756667951,
559,497,33.0,11.9,red,0.0,,4.563800900700955,4.510007311515928,
560,797,34.0,12.7,rose,0.0,,5.2167427528120935,4.657101423314865,
561,527,31.0,9.4,red,0.0,,4.7051753957699365,4.596845467647752,
562,719,34.0,10.4,rose,0.0,,5.177490005647687,5.276109442344735,
563,360,21.0,13.8,rose,0.0,,7.6223352002940885,6.387397568092718,
564,846,26.0,10.9,white,0.0,,5.937181783350801,4.772606468014398,
565,744,33.0,10.5,white,0.0,12.1687387158853,6.023622515952981,5.934065831687174,
566,282,24.0,12.3,red,0.0,,6.667432898552073,5.076362606811511,
567,35,30.0,10.2,,0.0,,7.8792385302972345,7.373818385710708,
568,931,34.0,11.7,red,0.0,,6.571551544214827,6.701513119998276,
569,435,31.0,11.6,rose,0.0,,4.622569045777423,5.441863273040575,
570,589,22.0,11.3,rose,0.0,2.140461593534973,6.477108810224879,5.327289350371807,
571,243,30.0,12.9,rose,0.0,18.9647062327192,6.417973514396644,5.226213817714959,
572,809,32.0,11.8,red,0.0,15.303129592877612,6.595785321640726,5.39035381974179,
573,107,,14.0,rose,,,4.2,,
574,75,26.0,11.8,,0.0,,5.887268526391972,5.748067819208492,
575,341,27.0,11.5,red,0.0,,5.1870389721173105,4.482469555984085,
576,956,25.0,11.0,,0.0,11.674463477816712,5.943252086985399,5.299404202969963,
577,512,31.0,11.6,white,0.0,,4.458061081323885,4.271336692349551,
578,128,20.0,10.1,rose,0.0,11.331610433442146,5.827856008881662,4.570960728169718,
579,587,34.0,11.0,red,0.0,,6.028218062168263,5.9741661415524305,
580,474,23.0,10.3,red,0.0,,6.815817646787539,6.383705312217897,
581,37,25.0,10.6,rose,0.0,,5.536013449274409,4.3995105401072,
582,606,23.0,10.5,red,0.0,11.289854169077419,7.298533743194794,7.248565884716975,
583,915,28.0,10.4,red,0.0,,5.7041722518162,5.174847818551475,
584,728,26.0,11.4,rose,0.0,16.972111184608202,5.73310325571139,4.797010242034713,
585,251,30.0,11.8,white,0.0,,4.806361062166401,4.375170801982502,
586,245,21.0,10.9,rose,0.0,,7.302560926186436,6.216876424641,
587,141,23.0,11.2,red,0.0,,7.7852200163251535,6.936228725988274,
588,881,28.0,10.1,red,0.0,,5.391740005163318,4.576000977426036,
589,39,20.0,11.2,white,0.0,,7.228390290315179,7.288630049213656,
590,681,23.0,10.8,red,0.0,,5.425631873154039,4.994526859091921,
591,273,22.0,10.0,red,1.0,11.774026510827532,6.14851009413969,5.623802810240083,
592,784,31.0,9.6,white,0.0,,7.370999892256881,6.922452611021098,
593,392,30.0,12.5,white,0.0,8.018216589334425,5.545945265496615,5.079880809901107,
594,734,21.0,11.1,rose,0.0,16.267819774755697,8.13886905197668,7.074290850827367,
595,992,33.0,10.1,,0.0,18.897830746163788,8.550488827057643,8.045164111611426,
596,793,26.0,11.9,red,0.0,,7.435375346684719,6.034268011024415,
597,580,23.0,11.8,rose,0.0,,6.10029156485065,5.5781013049809784,
598,317,24.0,11.9,red,0.0,,8.200790533189217,7.04527423374887,
599,651,30.0,10.3,rose,0.0,,7.29673575131657,6.605174715564097,
600,807,34.0,10.7,red,0.0,,8.01929993421974,6.027378984194635,
601,448,28.0,10.4,white,0.0,,5.140757816196902,4.830228856908126,
602,764,25.0,12.4,white,0.0,6.99030299668173,5.800006251746693,4.515507427057811,
603,928,25.0,12.5,white,0.0,,7.609619819820027,7.165092238551647,
604,118,25.0,10.7,rose,0.0,3.157764301582463,6.790678117808186,5.892067198123466,
605,779,22.0,11.3,rose,0.0,7.627445487295935,4.183092560409898,3.900261196899251,
606,883,31.0,9.9,red,0.0,9.689366886276337,6.675549374806182,5.633786964573954,
607,722,22.0,11.5,rose,0.0,4.580769459212764,7.131564847839373,6.289580354810362,
608,628,20.0,10.2,rose,0.0,2.7083737403905155,6.624795994592921,5.205823290527561,
609,263,26.0,9.8,white,0.0,15.485299671320213,5.003145052632481,4.471668331932049,
610,537,34.0,11.1,rose,0.0,12.409821956802055,6.498264924361273,5.388630312916542,
611,179,30.0,10.6,rose,0.0,,4.858220664089928,2.9924350972175127,
612,644,23.0,9.6,white,0.0,,6.047676666573636,4.900651782087823,
613,295,32.0,11.4,rose,0.0,,7.041382814025508,6.863906692167037,
614,558,24.0,9.6,red,0.0,,8.967026463299058,8.63590420153061,
615,23,34.0,11.1,red,0.0,,4.488740755112799,3.7829077128510757,
616,18,21.0,10.1,rose,0.0,,4.561936965868718,4.02730374559646,
617,199,31.0,10.9,white,1.0,8.343390173149233,7.039250429811928,6.229842164719829,
618,454,21.0,12.8,rose,0.0,,4.688137266814813,5.020177695903031,
619,202,23.0,10.7,red,0.0,,5.081948757354285,4.487404888326942,
620,792,21.0,11.2,,0.0,,6.96821773746942,5.636646567890352,
621,766,25.0,13.4,rose,0.0,18.727982759058595,6.0381656715233465,5.527332163348154,
622,937,29.0,11.9,red,0.0,,6.457700584617018,6.429868618762361,
623,350,22.0,10.4,rose,0.0,13.185205786830974,5.993559353634481,5.069829657708922,
624,962,20.0,11.0,rose,0.0,12.195963133261424,5.435403247541404,5.187660671785241,
625,157,25.0,12.4,white,0.0,18.30120064064697,4.797245622978787,3.3697533801409345,
626,787,21.0,10.9,rose,0.0,6.149380917547614,5.407393099840583,5.009938767940053,
627,684,28.0,10.1,red,0.0,,10.106866520256787,8.885203219542728,
628,814,23.0,10.1,rose,0.0,,6.424292350918387,5.862001483650236,
629,549,27.0,10.2,white,0.0,16.866466586178376,5.890361408581935,5.396426508862399,
630,388,28.0,11.0,rose,0.0,,5.663130560481155,4.754276862700158,
631,107,,14.0,rose,,,4.2,,
632,900,24.0,11.7,rose,0.0,,5.5952511071080995,5.7364962632075605,
633,15,24.0,11.7,white,0.0,,8.816702257088462,6.805785244363037,
634,625,31.0,10.4,rose,0.0,,6.811390134987498,6.537598475644248,
635,352,24.0,12.8,red,0.0,,5.519177791013821,5.011142965615342,
636,338,30.0,11.9,red,0.0,,7.583666110018818,7.13497367714267,
637,999,31.0,10.9,red,0.0,16.0923995927232,5.088381675276172,4.405049137094068,
638,614,33.0,9.5,rose,0.0,10.891401641945581,5.927434733407521,5.0715865587624815,
639,626,31.0,11.8,red,0.0,,7.376396756450234,6.526320662604291,
640,313,33.0,12.1,white,0.0,15.664001209416577,9.67646901370418,7.663534311172909,
641,296,20.0,12.1,red,0.0,,4.681097616947541,4.507499276600719,
642,92,31.0,10.1,red,0.0,,4.521685544720434,3.1552842720478904,
643,528,31.0,9.4,red,1.0,,4.985457663233552,3.9607705791522427,
644,58,25.0,12.4,red,0.0,19.730991543459794,8.65065893455123,8.042437684956317,
645,150,34.0,10.9,red,0.0,18.399711010952288,5.935078687262547,5.184343606984689,
646,583,27.0,11.0,red,0.0,15.1908781926439,11.823083443103016,10.684125000360073,
647,203,20.0,9.5,red,0.0,,9.214053980804962,7.512926862824104,
648,825,34.0,11.1,red,0.0,13.271916867838327,7.862838453749064,6.1233766998321055,
649,530,29.0,10.2,rose,0.0,,7.680745714164026,4.986931996604696,
650,486,30.0,12.9,rose,0.0,,5.369498873184262,4.265438355340504,
651,63,30.0,10.6,rose,0.0,,5.972360199476104,5.1742984380359305,
652,44,27.0,10.8,red,0.0,1.2468709791637296,5.973445946685956,6.132448952925955,
653,406,20.0,9.4,red,0.0,11.258167309505183,6.110530480343984,6.478851230941227,
654,136,20.0,10.5,red,0.0,,7.136991442004449,6.06145847897601,
655,654,27.0,10.9,rose,0.0,,8.13708618417283,7.287547083236569,
656,712,20.0,11.2,white,0.0,,6.227174672555382,5.731908752274548,
657,913,26.0,12.4,,0.0,,5.10946667607081,4.620537986721452,
658,578,33.0,12.0,,0.0,,5.485819489119088,4.493124910349436,
659,553,34.0,12.8,red,0.0,,8.025590906806746,7.662613454280707,
660,366,25.0,9.9,red,0.0,19.697795028461353,9.536231801513289,8.89304741857093,
661,286,34.0,10.9,rose,0.0,14.850650496101624,6.5805835576642435,5.729941186585564,
662,582,27.0,10.8,rose,0.0,1.4858147790580327,5.1519391018477885,3.9392888563366393,
663,137,23.0,11.7,white,0.0,,5.173769187640477,5.405902734502006,
664,816,34.0,8.8,rose,0.0,,7.744798899537154,7.418926453438761,
665,27,25.0,9.1,red,0.0,15.398274159658488,5.453869771144359,4.34546920964923,
666,838,27.0,11.1,white,0.0,,8.939045872545115,7.644059497911597,
667,373,33.0,10.7,red,0.0,,7.21411404299484,6.717538279493559,
668,893,20.0,11.7,white,0.0,,5.240190792166365,4.110458153810257,
669,272,22.0,10.7,rose,0.0,,5.1272462872973135,5.154681798738673,
670,411,22.0,11.6,red,1.0,,4.739661544713682,4.326609653333845,
671,347,26.0,11.6,white,0.0,5.214277151728225,6.9436153375695255,6.376375390579912,
672,260,20.0,11.4,rose,0.0,12.41931075622486,5.780880552211752,4.511639695579481,
673,896,26.0,9.9,rose,0.0,6.825979512323429,5.887585518154148,5.218906280793604,
674,565,27.0,8.9,rose,0.0,15.940597669365438,6.82629511635862,6.459572798027227,
675,890,23.0,12.8,red,0.0,,7.482084659101691,7.347459414410748,
676,372,23.0,11.9,rose,0.0,14.857225358250652,9.804341951728402,9.494609852401963,
677,612,34.0,12.2,rose,0.0,,7.0728981582626425,6.829596556114124,
678,746,30.0,11.6,white,0.0,,4.388472359662837,3.5899519954745647,
679,742,31.0,12.3,red,0.0,,4.294351346763869,4.471538172187288,
680,836,21.0,12.0,rose,0.0,,6.993164053569796,6.1728307852585855,
681,692,31.0,11.4,rose,0.0,,8.588789357557733,7.69776011746325,
682,114,33.0,11.8,rose,0.0,11.805596035780638,4.325112738515581,3.23436116361585,
683,320,32.0,10.8,red,0.0,,7.076770049584736,5.272493753256321,
684,985,22.0,,red,1.0,,4.228209515925337,3.8554449219444615,
685,140,34.0,11.6,rose,0.0,,6.142403513299429,5.914954229335399,
686,977,24.0,12.0,rose,0.0,7.05371841233366,6.989026632956454,5.631127821748487,
687,573,25.0,10.0,white,0.0,,5.710916783680083,5.044060941832547,
688,789,24.0,11.8,rose,2.0,,5.021252815225825,4.064499591902496,
689,949,34.0,11.9,rose,0.0,,4.756468845088546,4.485294541354337,
690,94,29.0,11.2,red,0.0,5.945587547552692,8.937920690530488,8.061269612209346,
691,715,30.0,12.0,,0.0,9.989539349494486,4.306266469892382,3.539364486662084,
692,301,25.0,12.0,rose,0.0,,7.252151389858222,6.9034403835757026,
693,757,27.0,9.4,rose,0.0,,10.246987041804765,8.906180118930305,
694,676,32.0,11.5,rose,0.0,,6.1941290386939345,5.357906485392423,
695,923,20.0,11.6,red,0.0,,5.196853283115088,4.846545913129082,
696,441,29.0,10.6,rose,0.0,,6.223943748149278,5.854889337066609,
697,112,25.0,10.0,red,0.0,,9.62374740807618,8.083318804983087,
698,255,21.0,12.1,rose,0.0,,5.000848919906531,3.922799795306619,
699,927,34.0,10.5,white,0.0,17.214840106662372,9.794474233196983,7.91871036921219,
700,332,32.0,9.6,rose,0.0,,8.073101201901888,6.843390072688593,
701,822,32.0,11.3,rose,0.0,,8.249214861724896,6.731932075144954,
702,613,25.0,11.6,,0.0,,5.374230866749305,5.021434887350925,
703,180,26.0,10.6,red,0.0,12.815525237009021,6.002154556702312,4.815019310676001,
704,688,24.0,11.2,white,0.0,,6.153667512101442,5.789269088886169,
705,479,22.0,10.7,white,0.0,,4.5506380827225925,4.083155394771663,
706,147,25.0,12.3,red,0.0,12.254775392389988,5.072648600701156,3.9905255670351334,
707,534,33.0,12.1,red,0.0,11.31154219890534,7.556933445526931,6.510110361865018,
708,380,21.0,10.1,rose,0.0,4.481446956805179,6.8728741017148955,5.998000766903797,
709,46,34.0,11.8,white,0.0,,5.466346608272673,5.444292371247562,
710,213,31.0,11.7,rose,0.0,11.24664114323936,5.177121188940879,4.956405997642704,
711,103,12.0,11.5,white,,1.5,6.0,,
712,344,24.0,10.9,rose,0.0,,7.520343841288772,6.810875673843033,
713,239,24.0,11.3,rose,0.0,,8.485604810191319,8.062118893294073,
714,910,24.0,12.5,rose,0.0,,5.660509925246254,4.463967523587241,
715,615,24.0,12.7,white,0.0,,4.491715122093956,4.505277467370946,
716,696,30.0,10.6,red,0.0,,4.024029450719961,3.6159043431290416,
717,468,33.0,10.8,red,0.0,,7.079609208755891,5.947572244967636,
718,24,29.0,11.1,red,0.0,,8.239236485796118,7.566489513005088,
719,129,26.0,11.3,rose,0.0,4.009731362928231,5.569652623996344,5.191985520579804,
720,279,26.0,11.2,red,0.0,2.7002955109687785,6.888496060309478,6.248295581071045,
721,271,32.0,9.7,rose,0.0,,4.631249979318229,3.590658005061441,
722,229,20.0,11.5,red,0.0,14.689642914356327,5.738438249543878,4.481544015658873,
723,987,32.0,11.7,,0.0,,5.78515916460157,4.9966514436560745,
724,298,33.0,11.3,red,0.0,,5.499456070946086,4.9208543695883575,
725,130,22.0,12.6,red,0.0,,7.413654417986379,6.317693754838122,
726,961,31.0,12.3,red,0.0,18.25446429959215,5.994179452862187,5.327181883877173,
727,205,22.0,11.1,,0.0,4.444798951959779,8.643057631302552,7.507222158780903,
728,829,34.0,10.8,rose,0.0,,5.287942291743928,5.550796587750158,
729,552,26.0,9.8,rose,0.0,18.68435215696517,4.858144243374668,4.890855259642798,
730,671,20.0,9.1,rose,0.0,,4.844457452298381,4.396622072811993,
731,363,22.0,10.6,rose,0.0,,5.817177396407017,5.333026737673102,
732,868,21.0,10.6,rose,0.0,,5.1648598362057845,4.248399227784688,
733,646,33.0,10.7,red,0.0,,11.32599868606377,9.876346764411183,
734,235,33.0,10.3,white,0.0,,7.303235868251778,6.462518598784113,
735,405,23.0,11.7,red,0.0,,6.713277860864222,6.711620552410675,
736,407,32.0,12.7,rose,0.0,2.5545255495986035,4.8623204220489695,3.738364117846695,
737,640,23.0,11.3,white,0.0,4.948417439200991,6.630301300023222,6.708467806576508,
738,660,27.0,10.2,rose,0.0,,5.869622086032196,5.64994163036941,
739,568,26.0,9.2,red,0.0,,5.462304127403774,4.949795048039784,
740,227,22.0,11.0,rose,0.0,,6.757796863549117,5.796244657190779,
741,960,24.0,12.3,rose,0.0,,4.8396483902500265,4.496249128571286,
742,821,31.0,11.1,rose,0.0,,6.058346166791428,5.054084673349122,
743,105,15.0,,,22.0,,,0.9,semi-dry
744,419,32.0,11.1,white,0.0,1.4340793258639744,5.488409487782656,4.848936965972108,
745,102,21.0,10.0,red,0.0,19.480666063255047,7.595750083377434,6.134013471333365,
746,483,34.0,10.3,white,0.0,,4.035516486218457,4.172094956735808,
747,121,25.0,13.9,rose,0.0,18.453891805765547,6.64870755457739,6.270636083069941,
748,762,20.0,13.1,rose,0.0,,6.0831522080032805,5.821487170104206,
749,812,25.0,10.7,red,0.0,7.800825433039445,5.249320483275847,4.067049544621755,
750,172,28.0,9.5,white,2.0,9.30150871066973,7.187260632216578,5.803806097454684,
751,800,32.0,11.9,red,0.0,,6.0279356783631854,5.1728386641297535,
752,902,32.0,9.2,white,0.0,,6.021208823305649,5.509096818362903,
753,513,31.0,10.1,red,0.0,,5.773074728933381,4.279945238352313,
754,76,28.0,11.8,red,0.0,,4.998909761104828,4.432723918600734,
755,274,20.0,13.1,red,0.0,1.5896481089601653,5.778310739850232,5.756233125103899,
756,303,33.0,11.8,red,0.0,,5.325285805735225,5.158733190002556,
757,184,31.0,12.0,white,0.0,,4.952960087811492,4.642067199816966,
758,514,20.0,11.4,white,0.0,,7.007045321972534,6.1125134892883315,
759,609,29.0,10.4,red,0.0,4.445324582109561,5.633708918864104,5.626381618980418,
760,887,26.0,11.1,red,0.0,9.467630986527263,7.2190901702945105,7.15515669312761,
761,529,32.0,11.0,red,0.0,,5.832904893187956,4.55135290909917,
762,1000,33.0,10.7,,0.0,,5.376284026844495,4.43358713144742,
763,491,25.0,11.0,white,0.0,,5.729410022082786,4.027603986362246,
764,59,27.0,11.4,red,0.0,,5.407902973244873,4.778566570579876,
765,988,34.0,11.3,rose,0.0,,9.229067186640282,7.6885501411284345,
766,346,21.0,10.9,rose,0.0,,10.10062090812995,9.269047052955383,
767,34,25.0,11.9,rose,0.0,3.0199613657799027,6.17890116686857,6.204493981123157,
768,123,26.0,12.0,red,0.0,,7.581947864743757,6.587416216995366,
769,5,22.0,10.9,red,0.0,,7.163121017829058,5.92542117101687,
770,496,32.0,10.2,red,0.0,,5.01046680146759,5.115277010753167,
771,729,27.0,13.3,red,0.0,,8.789766015073166,8.653977815981161,
772,437,32.0,10.9,white,0.0,12.647562065570794,6.533854172511246,5.706269796953526,
773,230,34.0,10.5,rose,0.0,,6.774698258545799,6.1564832370336395,
774,466,22.0,10.3,,0.0,6.772700379205617,5.633571517337083,5.139007504738581,
775,914,25.0,11.7,white,0.0,12.242131544555603,8.929879611865996,8.759593252392262,
776,920,20.0,10.8,white,0.0,4.991455771649447,11.53095565660759,9.343567598423451,
777,932,24.0,11.6,rose,0.0,14.799022086443953,4.965952057118944,4.204095539729496,
778,791,30.0,12.1,red,0.0,,8.804098161092258,8.106838386169308,
779,815,27.0,10.2,white,0.0,,4.196853939817755,3.64024751799855,
780,541,25.0,10.7,rose,0.0,14.875650529180241,6.8059052582346595,5.963112599809237,
781,391,29.0,9.9,red,0.0,19.95826397648178,5.022772965275195,5.068293995982596,
782,22,29.0,11.5,rose,0.0,,5.351740948812415,5.278978733970293,
783,368,23.0,11.9,rose,0.0,17.62657377047753,5.932522616693873,5.163582554513375,
784,488,24.0,8.5,white,0.0,,6.951140931962218,5.4807031019245045,
785,485,27.0,10.8,rose,0.0,2.1139348708143104,6.660146946448774,6.314534300234449,
786,576,32.0,10.7,red,0.0,16.89736671509182,5.358466246033677,4.85184580402988,
787,647,33.0,10.8,red,0.0,3.5868740589255266,10.287102032359863,8.85564809433217,
788,181,28.0,11.9,rose,0.0,,4.149246545000572,3.2847127671000984,
789,456,24.0,12.6,red,0.0,,6.8993659834181775,6.243521361432843,
790,100,33.0,11.3,red,0.0,16.963795367473345,7.877901061659664,8.489739838541102,
791,584,31.0,11.6,,0.0,,4.001231142686212,3.027400226445057,
792,694,23.0,12.5,rose,0.0,,6.285333610209152,5.603287949737384,
793,693,26.0,11.0,red,0.0,,11.077100646883784,9.805547357937135,
794,933,22.0,12.2,red,0.0,13.092499875033043,5.148301513623405,5.218092437406167,
795,387,27.0,13.7,rose,0.0,,9.319449870322018,8.4510644542977,
796,293,33.0,10.0,rose,0.0,1.0524508476116985,7.590342447508796,6.642210783978357,
797,759,20.0,11.0,rose,0.0,19.773648935581154,4.909059224428245,4.69766467615495,
798,104,27.0,10.9,red,0.0,,5.368877258969631,3.8937907789377473,
799,827,32.0,10.3,white,0.0,,5.813444733491906,6.177231462834623,
800,40,26.0,10.5,red,0.0,,12.33264528984629,11.32159156899572,
801,599,32.0,8.9,rose,0.0,15.12493527271013,4.897452478749599,4.320855640566181,
802,101,,,red,,,,1.1,
803,595,22.0,10.0,white,0.0,7.168466633788015,7.9742333591473855,6.919484706272873,
804,909,23.0,11.4,white,0.0,,4.126077290396989,3.7684830654713375,
805,818,29.0,12.6,red,0.0,18.509547479433184,,,
806,747,30.0,8.8,rose,0.0,,8.80977346531624,7.445083624614288,
807,7,34.0,11.9,red,0.0,,8.714372631757033,7.73259052623335,
808,65,23.0,11.6,white,0.0,,5.1746260593711275,5.181299809005762,
809,330,22.0,11.7,rose,0.0,,7.134850127266728,6.328794864710615,
810,656,31.0,12.9,white,0.0,,5.416690326403012,4.892697463721105,
811,120,21.0,9.8,white,0.0,7.884022378850606,7.911046664639417,7.302137592344887,
812,906,33.0,11.4,red,0.0,,4.965770687019594,4.777419117624247,
813,970,23.0,9.0,,0.0,,4.620133571060911,3.4496721480426498,
814,579,28.0,11.3,rose,0.0,,10.167820985873464,10.308333140498164,
815,848,31.0,12.2,rose,0.0,,9.549298721993019,8.005425035632468,
816,62,30.0,11.8,rose,0.0,,5.06092487750815,5.034637307010182,
817,25,24.0,9.3,rose,0.0,,5.435449972649826,4.733455639283525,
818,105,30.0,12.5,rose,1.0,,5.979118584308953,4.000540969964468,
819,990,27.0,10.3,rose,0.0,10.345537911231643,4.954109885767123,4.039939248398294,
820,267,32.0,13.2,red,0.0,,7.488734614205929,6.614171414944947,
821,664,20.0,12.1,white,0.0,,5.799671530874068,4.863658726353096,
822,991,20.0,12.4,rose,0.0,,7.208652252822171,7.028416378336868,
823,325,31.0,12.6,red,1.0,,6.812876125096275,5.484449371375061,
824,683,24.0,8.9,,0.0,,6.110845483221234,5.235110122505528,
825,823,24.0,11.2,white,0.0,,6.3833139209701475,5.520784602757997,
826,619,25.0,11.6,white,0.0,,5.567531487207417,4.891854230279571,
827,191,28.0,10.6,rose,0.0,,4.993033991484071,4.682128033160433,
828,101,21.0,11.7,red,0.0,2.3436842841740395,4.940764251834358,3.719830989975295,
829,60,26.0,10.7,red,0.0,17.03196909355557,4.879520201418616,4.606541585582367,
830,622,24.0,11.9,rose,0.0,14.966189936924739,5.029953049875505,5.051802307731368,
831,127,25.0,11.8,white,0.0,13.21975236993851,7.115736704185423,6.205352518613689,
832,4,33.0,10.6,red,0.0,,6.321807158881406,5.974544562588694,
833,264,33.0,11.2,rose,0.0,16.12452392956017,6.295388656362229,5.880397423699879,
834,115,28.0,9.7,rose,0.0,19.326390084810154,6.2360116056320685,6.256457216422469,
835,417,22.0,11.6,red,0.0,12.428389374469855,7.37703042600236,6.6734002649976665,
836,354,30.0,12.2,rose,0.0,13.711569609302813,5.768504514125071,4.829181405785604,
837,414,30.0,10.9,white,0.0,,8.344796713834503,7.605305527043831,
838,886,22.0,12.4,white,0.0,19.281049359106913,5.376397301831574,5.4290938334676495,
839,704,26.0,13.0,white,0.0,,7.850803949962037,6.56029755063672,
840,842,23.0,10.2,white,0.0,,4.892351171737715,3.797301538711479,
841,276,20.0,10.0,red,0.0,,8.096679818788054,7.7136534882515155,
842,772,24.0,11.4,white,0.0,,4.549455884327543,3.6960881875404303,
843,679,21.0,13.2,red,0.0,,7.309392986806934,6.347784992619753,
844,790,29.0,10.8,rose,0.0,7.033276808626104,6.759366493181946,6.942962005061787,
845,498,30.0,10.0,rose,0.0,6.854378492725362,6.271800055372275,5.291768716623878,
846,951,23.0,8.9,white,0.0,,11.647986312186001,10.523580557799384,
847,106,,,red,,3.5,8.3,,
848,183,23.0,12.0,,0.0,13.638020883131938,6.306553959089053,5.918935015202239,
849,934,22.0,10.8,red,0.0,13.945763449184229,6.204721618249627,4.415103763817939,
850,889,25.0,12.0,white,0.0,,5.22410404892944,4.609478477071128,
851,291,28.0,10.1,red,1.0,,6.264036254634108,4.983675155380664,
852,690,30.0,12.6,white,0.0,,4.628922589423782,5.365986677944046,
853,133,21.0,10.4,red,0.0,15.801509390081645,6.858845933705591,6.358978371242307,
854,953,32.0,10.8,white,0.0,12.753126936193732,6.454928594350472,6.229580574845528,
855,369,26.0,10.6,rose,0.0,16.8272548017734,6.592294719230237,5.028438266959425,
856,167,27.0,11.6,red,0.0,,5.108124065195729,3.5043302215301235,
857,885,33.0,10.9,white,0.0,,5.748495795602821,4.653835900813434,
858,724,22.0,11.7,red,0.0,13.525957115342262,7.135440570599139,6.459800166012185,
859,884,30.0,13.3,rose,0.0,,4.2446075707738045,4.201958524490211,
860,659,26.0,10.7,white,0.0,,4.838318944299527,4.758796830297014,
861,785,22.0,9.7,rose,0.0,,6.0880066192179125,5.517518467829978,
862,855,26.0,11.1,rose,0.0,,7.977622156798934,7.177325930889849,
863,47,31.0,11.1,white,0.0,13.46015929231283,5.5406847976702265,5.27976916446624,
864,396,34.0,10.8,rose,0.0,,12.624966785331765,10.670369032717478,
865,453,24.0,12.5,white,0.0,8.362433758922961,6.753876657298422,5.976580218311335,
866,423,23.0,11.7,red,0.0,,6.294809595083231,5.267134741173369,
867,774,33.0,11.9,red,0.0,,5.84473921730826,4.822884430821921,
868,714,30.0,11.0,white,0.0,,5.288536437488276,4.046054136606932,
869,446,34.0,11.0,rose,0.0,3.031294236494805,5.844554612624042,5.97916800854766,
870,393,26.0,10.2,white,0.0,,5.601395013298054,5.404448562769737,
871,918,30.0,9.2,rose,0.0,7.444714473140507,7.1447257673711055,7.028588545351256,
872,954,29.0,10.1,rose,0.0,,4.9119953632174935,4.327143411758299,
873,278,30.0,10.4,rose,0.0,8.307447453315248,4.950607370862318,4.593998382188743,
874,80,23.0,9.7,red,0.0,,6.591593297751151,5.824786850101209,
875,362,24.0,12.3,,0.0,,6.269417357772943,6.014686491642622,
876,899,23.0,10.3,rose,0.0,12.221121382189244,8.065385564640081,7.153105335347569,
877,426,33.0,11.2,white,0.0,,8.549363862313601,7.4244905530861445,
878,110,31.0,9.6,red,0.0,18.35283469600336,8.125556230955223,7.085294567657386,
879,957,28.0,10.3,red,0.0,11.860339725144968,5.5328427605082044,4.867446167154114,
880,861,30.0,10.8,rose,0.0,2.716663688702143,5.651384524424172,5.032570402168932,
881,36,32.0,11.0,white,0.0,,4.482844367045326,4.7294206096994005,
882,178,29.0,10.5,red,0.0,9.675328943677489,7.396252049461534,6.48892271347745,
883,305,28.0,12.5,rose,0.0,,6.989549242671392,6.395645947666184,
884,912,22.0,12.9,white,0.0,17.780605989763295,5.686097431241322,4.868551799757217,
885,989,21.0,10.8,rose,0.0,18.348184674665234,6.673528789126976,5.780379268832725,
886,648,34.0,10.7,white,0.0,7.645945531124865,5.612123210562839,5.099141468136352,
887,447,27.0,10.0,red,0.0,10.65096157828613,5.553881501961675,5.9258546486257355,
888,375,32.0,11.2,red,0.0,7.497514078220955,5.133758938261678,4.409418602503655,
889,464,33.0,10.2,rose,0.0,,7.323445345791685,7.0210783372450685,
890,337,24.0,11.8,rose,0.0,,4.772134639103189,4.676364453398148,
891,175,24.0,12.5,red,0.0,5.324739052779849,9.261688777238906,8.228294201200496,
892,658,20.0,11.6,red,0.0,7.583512000147513,6.486038172313556,5.875147738172725,
893,168,30.0,11.0,rose,0.0,,5.787081412352855,5.149266392528874,
894,51,28.0,11.3,red,0.0,,4.597232651894491,4.5156592868519585,
895,306,31.0,11.9,red,0.0,18.693876110126112,5.616964142483697,5.155089099410211,
896,817,28.0,10.8,rose,0.0,4.981631279685441,6.875285445436493,5.599978778059146,
897,316,29.0,10.4,rose,0.0,,5.544959502043701,4.868686488486482,
898,72,20.0,11.1,rose,0.0,6.666282201602439,5.921014993691216,4.762251872440447,
899,761,31.0,11.8,white,0.0,,5.985330117035553,5.50089555850522,
900,126,20.0,11.2,red,0.0,8.116769024145924,6.624436181744629,6.045200365657292,
901,911,28.0,9.3,white,0.0,8.298113502536372,6.36792730214442,5.524646279231819,
902,153,33.0,9.6,red,0.0,,5.039862506055396,3.5147644051438887,
903,610,26.0,10.7,white,0.0,,8.934994650673897,8.087056020176831,
904,976,27.0,12.7,rose,0.0,,4.933966552002843,4.259593279998424,
905,758,33.0,8.9,white,0.0,,5.790039338142014,4.956814370182349,
906,487,27.0,11.9,rose,0.0,,10.066790923934835,9.728411089033598,
907,592,20.0,9.8,red,0.0,8.069740316088671,8.159560919829042,7.442026106656967,
908,500,32.0,11.3,rose,0.0,,5.58975224937344,5.819418832654918,
909,678,20.0,11.5,red,0.0,15.746998911651419,5.761221060418552,4.5959435719231525,
910,811,32.0,10.1,rose,0.0,,6.036217265786268,4.604297236772493,
911,259,27.0,11.4,rose,0.0,15.08179062059077,6.3883421759271055,5.815040093771087,
912,974,34.0,11.4,red,0.0,,7.014845156704708,6.783686799483153,
913,687,22.0,9.9,white,0.0,,10.17052435315261,8.435025045282108,
914,703,21.0,11.7,,0.0,,9.363925238720617,8.457562685106774,
915,508,27.0,10.1,white,0.0,,6.143934661244466,5.501268236495402,
916,143,31.0,11.9,white,0.0,5.241156131470113,5.6369664013155525,4.938945598014911,
917,170,20.0,11.4,red,0.0,,7.779815767947856,6.558687827105601,
918,770,27.0,11.3,rose,0.0,1.153643386063965,6.0662584306786105,6.031902208026342,
919,657,32.0,12.3,red,0.0,19.58236470945168,7.501051247511036,6.381902306965652,
920,439,20.0,12.4,white,0.0,,7.931928454005462,7.800017317311822,
921,376,32.0,10.3,red,1.0,,6.990070835591561,6.233150082631586,
922,860,30.0,10.1,,0.0,,6.215977893946757,5.0844872507776575,
923,236,23.0,8.0,red,0.0,7.371714142958623,10.179345340683,8.992006029137988,
924,174,34.0,10.7,rose,0.0,,8.738153130506003,7.8055859280102835,
925,29,20.0,10.4,white,0.0,,8.403113553937475,7.217622949535257,
926,795,34.0,10.5,rose,0.0,,6.812828880488789,5.5509710780570245,
927,257,23.0,9.5,white,0.0,,6.531832061881082,5.955819283515068,
928,108,23.0,12.9,red,0.0,7.564723873222295,5.0670112698257235,5.042155339494443,
929,994,32.0,10.7,rose,0.0,,13.983944113398717,12.715480267874888,
930,801,23.0,10.4,rose,0.0,4.374947963434288,4.616019236351849,3.4215179373224394,
931,623,32.0,12.5,white,0.0,,5.470896527250929,4.7493257859486375,
932,540,25.0,11.7,white,0.0,,4.145245714696962,3.1367983087641225,
933,736,29.0,12.0,white,0.0,,5.6087312768772986,5.402178630766446,
934,53,22.0,12.0,,0.0,,4.643892101799192,4.464242408291859,
935,152,22.0,12.0,rose,1.0,1.063848233070546,6.626777336895245,6.353009307013309,
936,250,28.0,10.7,white,0.0,2.0821245915688205,5.360881818767206,5.039502928646877,
937,674,20.0,11.7,,0.0,,4.296135358710845,4.00630397588269,
938,57,28.0,11.8,,0.0,,5.234359950853238,5.2695025859169995,
939,702,23.0,8.9,white,0.0,1.0696007362264095,5.141561146446093,3.758221450816624,
940,593,21.0,11.6,white,0.0,,4.321436680139454,3.0720639725248624,
941,783,32.0,11.9,white,0.0,11.362014684361844,8.883163035355267,8.358665175171913,
942,841,25.0,11.5,red,0.0,,5.486263249835073,5.786069562683872,
943,986,21.0,12.3,red,0.0,,6.19615326632132,5.678826392617515,
944,721,29.0,11.3,rose,0.0,,5.294078586186577,4.3757201690329,
945,469,22.0,9.7,red,0.0,17.90711026806514,5.743871663518121,5.729782979880184,
946,655,24.0,9.7,rose,0.0,,7.099973798192294,5.698708734388777,
947,12,25.0,11.2,white,0.0,,6.261421023460485,6.204053167721445,
948,361,29.0,11.2,rose,0.0,,5.392016724748748,5.416138805599119,
949,304,28.0,9.9,rose,0.0,,6.36483347684837,6.19066038422967,
950,365,31.0,11.5,red,0.0,,6.658333645422976,6.305388861204508,
951,45,32.0,11.6,red,0.0,,5.440764005235178,4.202071533701021,
952,556,30.0,11.5,red,0.0,,5.765288292520417,5.888040983735811,
953,28,28.0,10.5,rose,0.0,2.736540107048181,8.255934408481641,7.454588894337618,
954,585,33.0,10.6,red,1.0,,4.984626580355652,4.691541595946431,
955,749,26.0,11.5,,0.0,,6.379218707711916,6.0917813689554094,
956,386,29.0,10.4,red,0.0,4.826019357869611,4.840306074764731,4.325710109759811,
957,824,24.0,10.5,rose,0.0,,7.038070115534829,6.707881265352448,
958,212,28.0,11.9,rose,0.0,,7.984151281356382,7.897800764194126,
959,290,31.0,9.7,red,0.0,,,,
960,482,22.0,10.6,white,0.0,,5.292514501530222,4.952862051634353,
961,975,29.0,9.5,red,0.0,11.53056366014712,6.157769808262706,4.922924149962342,
962,241,24.0,10.6,rose,0.0,,6.282831064067066,4.594826917184054,
963,398,33.0,10.9,rose,0.0,18.57233845458448,4.617613565693295,4.137627287905714,
964,732,30.0,11.7,,0.0,,7.489749824588452,6.510071110479641,
965,735,33.0,10.8,red,0.0,15.748187637637086,5.435828206104615,4.8985096675249995,
966,958,30.0,9.0,rose,0.0,,8.23295315367691,7.045887024483415,
967,424,26.0,11.7,red,0.0,,9.308388255984472,8.361686970087668,
968,649,28.0,10.2,rose,0.0,,6.644758812671784,6.066295344865197,
969,675,28.0,9.9,red,0.0,2.775816039219018,9.827696291496252,8.966478222869755,
970,155,30.0,10.4,rose,0.0,,5.9199129065048695,5.663988309429954,
971,806,27.0,10.4,white,1.0,17.24349768222792,6.681581456189523,6.386539811901235,
972,502,32.0,11.6,white,0.0,,4.677387891226308,4.059081508092273,
973,730,20.0,11.0,red,0.0,18.013186919362642,9.318581465178273,9.2239265172674,
974,939,31.0,11.0,red,0.0,,5.4825568528043,4.7198633291827505,
975,438,26.0,10.3,red,0.0,,4.958739971089285,4.1795845687252715,
976,404,21.0,11.5,rose,0.0,,5.6225566415136985,4.651229151827038,
977,425,31.0,11.9,red,0.0,12.254547922973135,9.404004810025214,7.62092551604836,
978,89,22.0,11.6,red,0.0,,9.058393938395291,8.091022795398777,
979,859,32.0,10.6,red,0.0,11.754412753114364,5.574636211235114,4.922354778211606,
980,149,22.0,11.0,red,0.0,18.77726132219837,6.686576009154245,5.994128143047271,
981,520,21.0,,red,0.0,19.228496301443265,7.970506701471628,6.824220687493332,
982,516,32.0,11.2,,0.0,1.118875959347509,4.316459108501288,4.020641939131505,
983,872,27.0,10.1,white,0.0,,7.373859211428938,7.603655458706367,
984,840,30.0,11.3,red,0.0,,4.780674826255373,3.0375514358916367,
985,310,31.0,11.9,white,0.0,8.498384347545295,8.835755713789919,7.576915322823079,
986,189,33.0,10.5,red,0.0,6.872633503821825,8.39572597431221,7.259299479622853,
987,833,34.0,11.2,red,0.0,,6.008964402463182,5.217608567595011,
988,834,30.0,8.8,,0.0,,7.669891000482526,6.146999770960145,
989,327,20.0,12.2,,0.0,8.463062941281684,4.694410358928336,3.6639833161102597,
990,41,27.0,12.6,red,0.0,,7.1182967034150115,5.4725900414647235,
991,403,32.0,10.3,white,0.0,,5.670534822829939,5.093801752130586,
992,195,34.0,9.4,white,0.0,18.730025421262624,12.81115182332502,11.458347556508686,
993,810,26.0,11.0,red,0.0,,6.081170886005437,5.043387978447601,
994,845,34.0,11.6,red,0.0,,4.3725504065362655,4.209771595748055,
995,777,27.0,11.2,red,0.0,15.28425022361188,12.03434194723086,10.875080527157804,
996,367,27.0,11.6,rose,0.0,,7.261584452226158,6.43860855872183,
997,983,33.0,10.3,red,0.0,,9.487098280966963,8.931851140992412,
998,905,29.0,11.0,white,0.0,,8.375974698034284,8.467995338871123,
999,158,26.0,10.9,rose,0.0,,4.776218792819368,3.966177520715889,
1000,611,23.0,11.3,red,0.0,,6.0427973423149375,5.627470226575566,
1001,85,30.0,10.8,rose,0.0,,5.035825940788898,4.329340200273279,
1002,384,26.0,11.0,rose,0.0,4.339117527878059,10.074133907893682,8.503456460090185,
1003,461,23.0,,red,0.0,1.572794525445726,7.825720856241874,7.719841346971753,
1004,383,28.0,10.9,red,0.0,,9.459668690965838,8.907963463172441,
1005,302,34.0,10.6,rose,0.0,,6.981509672138303,6.079227107197939,
1006,616,21.0,12.3,red,0.0,,4.473070115925032,3.5053620289329572,
1007,925,21.0,10.1,white,0.0,,5.725479046971178,4.502689993019924,
1008,544,29.0,9.9,rose,0.0,,8.404268585529426,8.365567222200703,
1009,322,33.0,11.3,rose,0.0,2.573543021603703,3.8,3.3687570792356403,
1010,501,23.0,11.0,rose,0.0,,7.240657692372784,5.995860247368436,
1011,165,31.0,11.0,rose,0.0,,7.343999956795477,6.564123106178222,
1012,220,33.0,11.3,rose,0.0,9.258803686825129,6.897310667550407,5.45575661612043,
1013,314,27.0,9.8,red,0.0,16.40582236450783,5.672501313730576,4.885499612980139,
